Workbook

Sheet VLOOKUP
A1: Employee Table
A3: Emp. ID | B3: Name | C3: Age | D3: Designation | E3: Department | F3: Salary | G3: Place | H3: Mob.No.
A4: 20012 | B4: Kapil Sharma | C4: 26 | D4: Engineer | E4: Technical | F4: 26500 | G4: Indore | H4: 8877456987 | K4: total salary | L4: =SUM(F4:F15) -> 285000
A5: 20013 | B5: Sunil Grover | C5: 25 | D5: Accountant | E5: Finance | F5: 13000 | G5: Bhopal | H5: 8569741235 | K5: min salary | L5: =MIN(F4:F15) -> 13000
A6: 20014 | B6: Kapil Singh | C6: 28 | D6: CAD Designer | E6: Technical | F6: 20000 | G6: Indore | H6: 7584963214 | K6: max salary | L6: =MAX(F4:F15) -> 40500
A7: 20015 | B7: Ali Asgar | C7: 27 | D7: Accountant | E7: Finance | F7: 15000 | G7: Bhopal | H7: 7788994455 | K7: avg salary | L7: =AVERAGE(F4:F15) -> 23750
A8: 20016 | B8: Sunil Singh | C8: 25 | D8: Engineer | E8: Technical | F8: 20000 | G8: ujjain | H8: 8798654512 | K8: t s of age >25 | L8: =SUMIF(C4:C15,">25",F4:F15) -> 231000
A9: 20017 | B9: Mohan Patel | C9: 26 | D9: Engineer | E9: Technical | F9: 33000 | G9: Bhopal | H9: 9874563214 | K9: t s of tech | L9: =SUMIF(E4:E15,E4,F4:F15) -> 167000
A10: 20018 | B10: Ravi Verma | C10: 25 | D10: CAD Designer | E10: Technical | F10: 21000 | G10: Indore | H10: 8974563214 | K10: t s of finan age>26 | L10: =SUMIFS(F4:F15,E4:E15,E5,C4:C15,">26") -> 55500
A11: 20019 | B11: Deepak Singh | C11: 26 | D11: Accountant | E11: Finance | F11: 31500 | G11: Bhopal | H11: 8745968745 | K11: h m emp in bhopal | L11: =COUNTIF(G4:G15,G5) -> 4
A12: 20020 | B12: Vikas Patel | C12: 28 | D12: Accountant | E12: Finance | F12: 40500 | G12: Indore | H12: 9874569874
A13: 20021 | B13: Gopal Jat | C13: 27 | D13: Engineer | E13: Technical | F13: 25500 | G13: ujjain | H13: 8574965874 | K13: 20016 NAME | L13: =VLOOKUP(A8,A3:H15,2,0) -> Sunil Singh
A14: 20022 | B14: Rohan Yadav | C14: 26 | D14: Accountant | E14: Finance | F14: 18000 | G14: ujjain | H14: 8521479632 | K14: 20020 DEPART | L14: =VLOOKUP(A12,A3:H15,5,0) -> Finance
A15: 20023 | B15: Janwi Rai | C15: 27 | D15: CAD Designer | E15: Technical | F15: 21000 | G15: Indore | H15: 8569745623 | K15: KAPIL SINGH SALARY | L15: =VLOOKUP(B6,B3:H15,6,0) -> Indore
K16: ENGINEER SALARY | L16: =VLOOKUP(D4,D4:H15,3,0) -> 26500
K17: SUNAL SINGH SALA | L17: =VLOOKUP(B8,B3:H15,5,0) -> 20000
L18: =VLOOKUP(C7,C3:H15,4,0) -> 15000
K19: 20020 | L19: {=VLOOKUP(K19,A3:H15,{2,3,4,5,6,7,8},0)} -> Vikas Patel | M19: 28 | N19: Accountant | O19: Finance | P19: 40500 | Q19: Indore | R19: 9874569874
A20: {=CHOOSE({1,2,3},F3:F15,C3:C15,A3:A15)} -> Salary | B20: Age | C20: Emp. ID | E20: mohan patel | F20: =VLOOKUP(B9,CHOOSE({1,2},B3:B15,A3:A15),2,0) -> 20017 | K20: Janwi Rai | L20: {=VLOOKUP(B15,B3:H15,{2,3,4,5,6,7},0)} -> 27 | M20: CAD Designer | N20: Technical | O20: 21000 | P20: Indore | Q20: 8569745623
A21: 26500 | B21: 26 | C21: 20012 | E21: 40500 | F21: =VLOOKUP(E21,CHOOSE({1,2},F3:F15,B3:B15),2,0) -> Vikas Patel | K21: 20016 | L21: {=VLOOKUP(A8,A3:H15,{2,4,6,8},0)} -> Sunil Singh | M21: Engineer | N21: 20000 | O21: 8798654512
A22: 13000 | B22: 25 | C22: 20013 | E22: 7584963214 | F22: =VLOOKUP(E22,CHOOSE({1,2},H3:H15,A3:A15),2,0) -> 20014 | K22: 20018 | L22: {=VLOOKUP(A10,A3:H15,{2,4,6,8},0)} -> Ravi Verma | M22: CAD Designer | N22: 21000 | O22: 8974563214
A23: 20000 | B23: 28 | C23: 20014 | K23: 20020 | L23: {=VLOOKUP(A12,A3:H15,{2,4,6,8},0)} -> Vikas Patel | M23: Accountant | N23: 40500 | O23: 9874569874
A24: 15000 | B24: 27 | C24: 20015 | K24: 20023 | L24: {=VLOOKUP(A15,A3:H15,{2,4,6,8},0)} -> Janwi Rai | M24: CAD Designer | N24: 21000 | O24: 8569745623
A25: 20000 | B25: 25 | C25: 20016
A26: 33000 | B26: 26 | C26: 20017 | K26: match | L26: =MATCH(B3,A3:H3,0) -> 2
A27: 21000 | B27: 25 | C27: 20018 | K27: vlookup,match | L27: =VLOOKUP(A4,A3:H15,MATCH(D3,A3:H3,0),0) -> Engineer
A28: 31500 | B28: 26 | C28: 20019
A29: 40500 | B29: 28 | C29: 20020
A30: 25500 | B30: 27 | C30: 20021 | K30: 20020
A31: 18000 | B31: 26 | C31: 20022 | K31: Age | M31: =VLOOKUP(K30,A3:H15,MATCH(K31,A3:H3,0),0) -> 28
A32: 21000 | B32: 27 | C32: 20023 | K32: Name

Sheet XLOOKUP
A1: Employee Table
A3: Emp. ID | B3: Name | C3: Age | D3: Designation | E3: Department | F3: Salary | G3: Place | H3: Mob.No. | J3: 20015 | K3: =_xlfn.XLOOKUP(J3,A3:A15,C3:C15) -> 27
A4: 20012 | B4: Kapil Sharma | C4: 26 | D4: Engineer | E4: Technical | F4: 26500 | G4: Indore | H4: 8877456987 | J4: Ali Asgar | K4: {=_xlfn.XLOOKUP(J4,B3:B15,C3:H15)} -> 27 | L4: Accountant | M4: Finance | N4: 15000 | O4: Bhopal | P4: 7788994455
A5: 20013 | B5: Sunil Grover | C5: 25 | D5: Accountant | E5: Finance | F5: 13000 | G5: Bhopal | H5: 8569741235 | J5: 25 | K5: =_xlfn.XLOOKUP(J5,C3:C15,A3:A15) -> 20013
A6: 20014 | B6: Kapil Singh | C6: 28 | D6: CAD Designer | E6: Technical | F6: 20000 | G6: Indore | H6: 7584963214
A7: 20015 | B7: Ali Asgar | C7: 27 | D7: Accountant | E7: Finance | F7: 15000 | G7: Bhopal | H7: 7788994455 | J7: index formula | K7: =INDEX(A3:H15,5,3) -> 27
A8: 20016 | B8: Sunil Singh | C8: 25 | D8: Engineer | E8: Technical | F8: 20000 | G8: ujjain | H8: 8798654512
A9: 20017 | B9: Mohan Patel | C9: 26 | D9: Engineer | E9: Technical | F9: 33000 | G9: Bhopal | H9: 9874563214 | J9: 20015 | K9: salary | L9: =INDEX(A3:H15,MATCH(J9,A3:A15,0),MATCH(K9,A3:H3,0)) -> 15000
A10: 20018 | B10: Ravi Verma | C10: 25 | D10: CAD Designer | E10: Technical | F10: 21000 | G10: Indore | H10: 8974563214
A11: 20019 | B11: Deepak Singh | C11: 26 | D11: Accountant | E11: Finance | F11: 31500 | G11: Bhopal | H11: 8745968745
A12: 20020 | B12: Vikas Patel | C12: 28 | D12: Accountant | E12: Finance | F12: 40500 | G12: Indore | H12: 9874569874
A13: 20021 | B13: Gopal Jat | C13: 27 | D13: Engineer | E13: Technical | F13: 25500 | G13: ujjain | H13: 8574965874
A14: 20022 | B14: Rohan Yadav | C14: 26 | D14: Accountant | E14: Finance | F14: 18000 | G14: ujjain | H14: 8521479632
A15: 20023 | B15: Janwi Rai | C15: 27 | D15: CAD Designer | E15: Technical | F15: 21000 | G15: Indore | H15: 8569745623

Sheet filter
A1: Employee Table
A3: Emp. ID | B3: Name | C3: Age | D3: Designation | E3: Department | F3: Salary | G3: Place | H3: Mob.No. | K3: FILDER FORMULA
A4: 20012 | B4: Kapil Sharma | C4: 26 | D4: Engineer | E4: Technical | F4: 26500 | G4: Indore | H4: 8877456987 | K4: Technical | L4: {=_xlfn._xlws.FILTER(XLOOKUP!A3:H15,XLOOKUP!E3:E15=K4)} -> 20012 | M4: Kapil Sharma | N4: 26 | O4: Engineer | P4: Technical | Q4: 26500 | R4: Indore | S4: 8877456987
A5: 20013 | B5: Sunil Grover | C5: 25 | D5: Accountant | E5: Finance | F5: 13000 | G5: Bhopal | H5: 8569741235 | L5: 20014 | M5: Kapil Singh | N5: 28 | O5: CAD Designer | P5: Technical | Q5: 20000 | R5: Indore | S5: 7584963214
A6: 20014 | B6: Kapil Singh | C6: 28 | D6: CAD Designer | E6: Technical | F6: 20000 | G6: Indore | H6: 7584963214 | L6: 20016 | M6: Sunil Singh | N6: 25 | O6: Engineer | P6: Technical | Q6: 20000 | R6: ujjain | S6: 8798654512
A7: 20015 | B7: Ali Asgar | C7: 27 | D7: Accountant | E7: Finance | F7: 15000 | G7: Bhopal | H7: 7788994455 | L7: 20017 | M7: Mohan Patel | N7: 26 | O7: Engineer | P7: Technical | Q7: 33000 | R7: Bhopal | S7: 9874563214
A8: 20016 | B8: Sunil Singh | C8: 25 | D8: Engineer | E8: Technical | F8: 20000 | G8: ujjain | H8: 8798654512 | L8: 20018 | M8: Ravi Verma | N8: 25 | O8: CAD Designer | P8: Technical | Q8: 21000 | R8: Indore | S8: 8974563214
A9: 20017 | B9: Mohan Patel | C9: 26 | D9: Engineer | E9: Technical | F9: 33000 | G9: Bhopal | H9: 9874563214 | L9: 20021 | M9: Gopal Jat | N9: 27 | O9: Engineer | P9: Technical | Q9: 25500 | R9: ujjain | S9: 8574965874
A10: 20018 | B10: Ravi Verma | C10: 25 | D10: CAD Designer | E10: Technical | F10: 21000 | G10: Indore | H10: 8974563214 | L10: 20023 | M10: Janwi Rai | N10: 27 | O10: CAD Designer | P10: Technical | Q10: 21000 | R10: Indore | S10: 8569745623
A11: 20019 | B11: Deepak Singh | C11: 26 | D11: Accountant | E11: Finance | F11: 31500 | G11: Bhopal | H11: 8745968745
A12: 20020 | B12: Vikas Patel | C12: 28 | D12: Accountant | E12: Finance | F12: 40500 | G12: Indore | H12: 9874569874 | K12: >30000 | L12: {=_xlfn._xlws.FILTER(XLOOKUP!A3:H15,XLOOKUP!F3:F15>30000)} -> Emp. ID | M12: Name | N12: Age | O12: Designation | P12: Department | Q12: Salary | R12: Place | S12: Mob.No.
A13: 20021 | B13: Gopal Jat | C13: 27 | D13: Engineer | E13: Technical | F13: 25500 | G13: ujjain | H13: 8574965874 | L13: 20017 | M13: Mohan Patel | N13: 26 | O13: Engineer | P13: Technical | Q13: 33000 | R13: Bhopal | S13: 9874563214
A14: 20022 | B14: Rohan Yadav | C14: 26 | D14: Accountant | E14: Finance | F14: 18000 | G14: ujjain | H14: 8521479632 | L14: 20019 | M14: Deepak Singh | N14: 26 | O14: Accountant | P14: Finance | Q14: 31500 | R14: Bhopal | S14: 8745968745
A15: 20023 | B15: Janwi Rai | C15: 27 | D15: CAD Designer | E15: Technical | F15: 21000 | G15: Indore | H15: 8569745623 | L15: 20020 | M15: Vikas Patel | N15: 28 | O15: Accountant | P15: Finance | Q15: 40500 | R15: Indore | S15: 9874569874
K17: Bhopal | L17: {=_xlfn._xlws.FILTER(XLOOKUP!A3:H15,XLOOKUP!G3:G15=K17)} -> 20013 | M17: Sunil Grover | N17: 25 | O17: Accountant | P17: Finance | Q17: 13000 | R17: Bhopal | S17: 8569741235
L18: 20015 | M18: Ali Asgar | N18: 27 | O18: Accountant | P18: Finance | Q18: 15000 | R18: Bhopal | S18: 7788994455
L19: 20017 | M19: Mohan Patel | N19: 26 | O19: Engineer | P19: Technical | Q19: 33000 | R19: Bhopal | S19: 9874563214
L20: 20019 | M20: Deepak Singh | N20: 26 | O20: Accountant | P20: Finance | Q20: 31500 | R20: Bhopal | S20: 8745968745
K22: >25 | L22: {=_xlfn._xlws.FILTER(XLOOKUP!A3:H15,XLOOKUP!C3:C15>25)} -> Emp. ID | M22: Name | N22: Age | O22: Designation | P22: Department | Q22: Salary | R22: Place | S22: Mob.No.
L23: 20012 | M23: Kapil Sharma | N23: 26 | O23: Engineer | P23: Technical | Q23: 26500 | R23: Indore | S23: 8877456987
L24: 20014 | M24: Kapil Singh | N24: 28 | O24: CAD Designer | P24: Technical | Q24: 20000 | R24: Indore | S24: 7584963214
L25: 20015 | M25: Ali Asgar | N25: 27 | O25: Accountant | P25: Finance | Q25: 15000 | R25: Bhopal | S25: 7788994455
L26: 20017 | M26: Mohan Patel | N26: 26 | O26: Engineer | P26: Technical | Q26: 33000 | R26: Bhopal | S26: 9874563214
L27: 20019 | M27: Deepak Singh | N27: 26 | O27: Accountant | P27: Finance | Q27: 31500 | R27: Bhopal | S27: 8745968745
L28: 20020 | M28: Vikas Patel | N28: 28 | O28: Accountant | P28: Finance | Q28: 40500 | R28: Indore | S28: 9874569874
L29: 20021 | M29: Gopal Jat | N29: 27 | O29: Engineer | P29: Technical | Q29: 25500 | R29: ujjain | S29: 8574965874
L30: 20022 | M30: Rohan Yadav | N30: 26 | O30: Accountant | P30: Finance | Q30: 18000 | R30: ujjain | S30: 8521479632
L31: 20023 | M31: Janwi Rai | N31: 27 | O31: CAD Designer | P31: Technical | Q31: 21000 | R31: Indore | S31: 8569745623

Sheet filter q
A1: name | B1: department | C1: salary | E1: questions | L1: ans
A2: amit | B2: sales | C2: 35000 | E2: 1 | F2: show the list of employees from the sales department | L2: {=_xlfn._xlws.FILTER(A1:C7,B1:B7="sales")} -> amit | M2: sales | N2: 35000
A3: riya | B3: hr | C3: 45000 | L3: mohit | M3: sales | N3: 30000
A4: mohit | B4: sales | C4: 30000
A5: neha | B5: it | C5: 55000 | E5: 2 | F5: show employees with salary greater than 40000. | L5: {=_xlfn._xlws.FILTER(A1:C7,C1:C7>40000)} -> name | M5: department | N5: salary
A6: sohan | B6: hr | C6: 40000 | L6: riya | M6: hr | N6: 45000
A7: priti | B7: it | C7: 60000 | L7: neha | M7: it | N7: 55000
L8: priti | M8: it | N8: 60000
E10: 3 | F10: show employees from both hr and it department | L10: {=_xlfn._xlws.FILTER(A1:C7,(B1:B7="hr")+(B1:B7="it"))} -> riya | M10: hr | N10: 45000
L11: neha | M11: it | N11: 55000
L12: sohan | M12: hr | N12: 40000
L13: priti | M13: it | N13: 60000
E15: 4 | F15: show employees from sales department AND salary greater than 30000 | N15: {=_xlfn._xlws.FILTER(A1:C7,(B1:B7="sales")*(C1:C7>30000))} -> amit | O15: sales | P15: 35000
E17: 5 | F17: show IT department employees with saalary above 55000 | N17: {=_xlfn._xlws.FILTER(A1:C7,(B1:B7="it")*(C1:C7>55000))} -> priti | O17: it | P17: 60000

Sheet Sheet3
A1: HSN CODE | B1: PRODUCT | C1: JAN | D1: FEB | E1: MAR | F1: TOTAL | J1: ANS
A2: XYZ001 | B2: COFFEE | C2: 408 | D2: 174 | E2: 989 | F2: =SUM(C2:E2) -> 1571 | H2: XYZ004 | J2: =_xlfn.XLOOKUP(H2,A1:A10,B1:B10) -> SUGAR
A3: XYZ002 | B3: CANDY | C3: 196 | D3: 456 | E3: 777 | F3: =SUM(C3:E3) -> 1429 | H3: XYZ002 | I3: CANDY | J3: {=_xlfn.XLOOKUP(H3&I3,A1:A10&B1:B10,F1:F10)} -> 1429
A4: XYZ003 | B4: CHOCOLATE | C4: 847 | D4: 181 | E4: 955 | F4: =SUM(C4:E4) -> 1983 | H4: XYZ007 | J4: {=_xlfn.XLOOKUP(H4,A1:A10,CHOOSE({1,2},B1:B10,F1:F10))} -> COLD DRINKS | K4: 2267
A5: XYZ004 | B5: SUGAR | C5: 914 | D5: 483 | E5: 145 | F5: =SUM(C5:E5) -> 1542 | H5: XYZ006 | I5: FEB | J5: {=_xlfn.XLOOKUP(H5,A1:A10,_xlfn.XLOOKUP(I5,A1:F1,A1:F10))} -> 782
A6: XYZ005 | B6: MILK POWDER | C6: 965 | D6: 821 | E6: 506 | F6: =SUM(C6:E6) -> 2292 | H6: SUGAR | I6: HSN CODE | K6: {=_xlfn.XLOOKUP(H6,B1:B10,_xlfn.XLOOKUP(I6,A1:F1,A1:F10))} -> XYZ004
A7: XYZ006 | B7: BISCUITS | C7: 210 | D7: 782 | E7: 539 | F7: =SUM(C7:E7) -> 1531
A8: XYZ007 | B8: COLD DRINKS | C8: 873 | D8: 503 | E8: 891 | F8: =SUM(C8:E8) -> 2267
A9: XYZ008 | B9: ENERGY DRINKS | C9: 972 | D9: 417 | E9: 941 | F9: =SUM(C9:E9) -> 2330
A10: XYZ009 | B10: FRUIT JUICE | C10: 575 | D10: 632 | E10: 124 | F10: =SUM(C10:E10) -> 1331
B12: TOTAL | C12: =SUM(C2:C10) -> 5960 | D12: =SUM(D2:D10) -> 4449 | E12: =SUM(E2:E10) -> 5867 | F12: =SUM(F2:F10) -> 16276

Sheet Sheet6
A1: HSN CODE | B1: PRODUCT | C1: JAN | D1: FEB | E1: MAR
A2: XYZ001 | B2: COFFEE | C2: 408 | D2: 174 | E2: 989
A3: XYZ002 | B3: CANDY | C3: 196 | D3: 456 | E3: 777 | H3: XYZ005 | I3: SUM | J3: =SUM(_xlfn.XLOOKUP(H3,A1:A10,C1:E10)) -> 2292
A4: XYZ003 | B4: CHOCOLATE | C4: 847 | D4: 181 | E4: 955 | H4: XYZ005 | I4: MIN | J4: =MIN(_xlfn.XLOOKUP(H3,A1:A10,C1:E10)) -> 506
A5: XYZ004 | B5: SUGAR | C5: 914 | D5: 483 | E5: 145 | H5: XYZ005 | I5: MAX | J5: =MAX(_xlfn.XLOOKUP(H3,A1:A10,C1:E10)) -> 965
A6: XYZ005 | B6: MILK POWDER | C6: 965 | D6: 821 | E6: 506 | H6: XYZ005 | I6: AVG | J6: =AVERAGE(_xlfn.XLOOKUP(H3,A1:A10,C1:E10)) -> 764
A7: XYZ006 | B7: BISCUITS | C7: 210 | D7: 782 | E7: 539
A8: XYZ007 | B8: COLD DRINKS | C8: 873 | D8: 503 | E8: 891 | H8: SUGAR | I8: SUM | J8: =SUM(_xlfn.XLOOKUP(H8,B1:B10,C1:E10)) -> 1542
A9: XYZ008 | B9: ENERGY DRINKS | C9: 972 | D9: 417 | E9: 941
A10: XYZ009 | B10: FRUIT JUICE | C10: 575 | D10: 632 | E10: 124
B12: TOTAL | C12: =SUM(C2:C10) -> 5960 | D12: =SUM(D2:D10) -> 4449 | E12: =SUM(E2:E10) -> 5867

Sheet iferror
B4: Emp. ID | C4: Name | D4: Designation | E4: Department | F4: Salary | G4: Place | H4: Mob.No. | K4: Name | L4: Age | M4: Designation | N4: Department | O4: Salary | P4: Place | Q4: Mob.No.
B5: 20012 | C5: Kapil Sharma | D5: Engineer | E5: Technical | F5: 26500 | G5: Indore | H5: 8877456987 | K5: Kapil Sharma | L5: 26 | M5: Engineer | N5: Technical | O5: 26500 | P5: Indore | Q5: 8877456987
B6: 20013 | C6: Sunil Grover | D6: Accountant | E6: Finance | F6: 13000 | G6: Bhopal | H6: 8569741235 | K6: Sunil Grover | L6: 25 | M6: Accountant | N6: Finance | O6: 13000 | P6: Bhopal | Q6: 8569741235
B7: 20014 | C7: Kapil Singh | D7: CAD Designer | E7: Technical | F7: 20000 | G7: Indore | H7: 7584963214 | K7: Kapil Singh | L7: 28 | M7: CAD Designer | N7: Technical | O7: 20000 | P7: Indore | Q7: 7584963214
B8: 20015 | C8: Ali Asgar | D8: Accountant | E8: Finance | F8: 15000 | G8: Bhopal | H8: 7788994455 | K8: Ali Asgar | L8: 27 | M8: Accountant | N8: Finance | O8: 15000 | P8: Bhopal | Q8: 7788994455
B9: 20016 | C9: Sunil Singh | D9: Engineer | E9: Technical | F9: 20000 | G9: ujjain | H9: 8798654512 | K9: Sunil Singh | L9: 25 | M9: Engineer | N9: Technical | O9: 20000 | P9: ujjain | Q9: 8798654512
B10: 20017 | C10: Mohan Patel | D10: Engineer | E10: Technical | F10: 33000 | G10: Bhopal | H10: 9874563214 | K10: Mohan Patel | L10: 26 | M10: Engineer | N10: Technical | O10: 33000 | P10: Bhopal | Q10: 9874563214
B11: 20018 | C11: Ravi Verma | D11: CAD Designer | E11: Technical | F11: 21000 | G11: Indore | H11: 8974563214 | K11: Ravi Verma | L11: 25 | M11: CAD Designer | N11: Technical | O11: 21000 | P11: Indore | Q11: 8974563214
B12: 20019 | C12: Deepak Singh | D12: Accountant | E12: Finance | F12: 31500 | G12: Bhopal | H12: 8745968745 | K12: Deepak Singh | L12: 26 | M12: Accountant | N12: Finance | O12: 31500 | P12: Bhopal | Q12: 8745968745
B13: 20020 | C13: Vikas Patel | D13: Accountant | E13: Finance | F13: 40500 | G13: Indore | H13: 9874569874 | K13: Vikas Patel | L13: 28 | M13: Accountant | N13: Finance | O13: 40500 | P13: Indore | Q13: 9874569874
B14: 20021 | C14: Gopal Jat | D14: Engineer | E14: Technical | F14: 25500 | G14: ujjain | H14: 8574965874 | K14: Gopal Jat | L14: 27 | M14: Engineer | N14: Technical | O14: 25500 | P14: ujjain | Q14: 8574965874
B15: 20022 | C15: Rohan Yadav | D15: Accountant | E15: Finance | F15: 18000 | G15: ujjain | H15: 8521479632 | K15: Rohan Yadav | L15: 26 | M15: Accountant | N15: Finance | O15: 18000 | P15: ujjain | Q15: 8521479632
B16: 20023 | C16: Janwi Rai | D16: CAD Designer | E16: Technical | F16: 21000 | G16: Indore | H16: 8569745623 | K16: Janwi Rai | L16: 27 | M16: CAD Designer | N16: Technical | O16: 21000 | P16: Indore | Q16: 8569745623
D19: =VLOOKUP(VLOOKUP(B8,B4:H16,2,0),K4:Q16,2,0) -> 27 | G19: if error
C20: name | D20: =VLOOKUP(VLOOKUP(B11,B4:H16,2,0),K4:Q16,MATCH(C20,K4:Q4,0)) -> Ravi Verma | F20: 200200 | G20: =IFERROR(VLOOKUP(F20,B4:H16,2,0),"not found") -> not found
F21: 200117 | G21: =IFERROR(VLOOKUP(VLOOKUP(F21,B4:H16,2,0),K4:Q16,2,),"none") -> none

Sheet Sheet4
A1: Name | B1: Emp. ID | C1: Designation | D1: Department | E1: Salary | F1: Place | G1: Mob.No. | J1: Name | K1: Age | L1: Designation | M1: Department | N1: Salary | O1: Place | P1: Mob.No.
A2: Kapil Sharma | B2: 20012 | C2: Engineer | D2: Technical | E2: 26500 | F2: Indore | G2: 8877456987 | J2: Kapil Sharma | K2: 26 | L2: Engineer | M2: Technical | N2: 26500 | O2: Indore | P2: 8877456987
A3: Sunil Grover | B3: 20013 | C3: Accountant | D3: Finance | E3: 13000 | F3: Bhopal | G3: 8569741235 | J3: Sunil Grover | K3: 25 | L3: Accountant | M3: Finance | N3: 13000 | O3: Bhopal | P3: 8569741235
A4: Kapil Singh | B4: 20014 | C4: CAD Designer | D4: Technical | E4: 20000 | F4: Indore | G4: 7584963214 | J4: Kapil Singh | K4: 28 | L4: CAD Designer | M4: Technical | N4: 20000 | O4: Indore | P4: 7584963214
A5: Ali Asgar | B5: 20015 | C5: Accountant | D5: Finance | E5: 15000 | F5: Bhopal | G5: 7788994455 | J5: Ali Asgar | K5: 27 | L5: Accountant | M5: Finance | N5: 15000 | O5: Bhopal | P5: 7788994455
A6: Sunil Singh | B6: 20016 | C6: Engineer | D6: Technical | E6: 20000 | F6: ujjain | G6: 8798654512 | J6: Sunil Singh | K6: 25 | L6: Engineer | M6: Technical | N6: 20000 | O6: ujjain | P6: 8798654512
A7: Mohan Patel | B7: 20017 | C7: Engineer | D7: Technical | E7: 33000 | F7: Bhopal | G7: 9874563214 | J7: Mohan Patel | K7: 26 | L7: Engineer | M7: Technical | N7: 33000 | O7: Bhopal | P7: 9874563214
A8: Ravi Verma | B8: 20018 | C8: CAD Designer | D8: Technical | E8: 21000 | F8: Indore | G8: 8974563214 | J8: Ravi Verma | K8: 25 | L8: CAD Designer | M8: Technical | N8: 21000 | O8: Indore | P8: 8974563214
A9: Deepak Singh | B9: 20019 | C9: Accountant | D9: Finance | E9: 31500 | F9: Bhopal | G9: 8745968745 | J9: Deepak Singh | K9: 26 | L9: Accountant | M9: Finance | N9: 31500 | O9: Bhopal | P9: 8745968745
A10: Vikas Patel | B10: 20020 | C10: Accountant | D10: Finance | E10: 40500 | F10: Indore | G10: 9874569874 | J10: Vikas Patel | K10: 28 | L10: Accountant | M10: Finance | N10: 40500 | O10: Indore | P10: 9874569874
A11: Gopal Jat | B11: 20021 | C11: Engineer | D11: Technical | E11: 25500 | F11: ujjain | G11: 8574965874 | J11: Gopal Jat | K11: 27 | L11: Engineer | M11: Technical | N11: 25500 | O11: ujjain | P11: 8574965874
A12: Rohan Yadav | B12: 20022 | C12: Accountant | D12: Finance | E12: 18000 | F12: ujjain | G12: 8521479632 | J12: Rohan Yadav | K12: 26 | L12: Accountant | M12: Finance | N12: 18000 | O12: ujjain | P12: 8521479632
A13: Janwi Rai | B13: 20023 | C13: CAD Designer | D13: Technical | E13: 21000 | F13: Indore | G13: 8569745623 | J13: Janwi Rai | K13: 27 | L13: CAD Designer | M13: Technical | N13: 21000 | O13: Indore | P13: 8569745623
B17: 20017 | C17: =VLOOKUP(VLOOKUP(B17,CHOOSE({1,2},B1:B13,A1:A13),2,0),J1:P13,2,0) -> 26
B19: 20013 | C19: {=VLOOKUP(VLOOKUP(B19,CHOOSE({1,2},B1:B13,A1:A13),2,0),J1:P13,{2,4,7},0)} -> 25 | D19: Finance | E19: 8569741235
B21: 200014 | C21: {=IFERROR(VLOOKUP(VLOOKUP(B21,CHOOSE({1,2},B1:B13,A1:A13),2,0),J1:P13,{2,4,7},0),"not found")} -> not found

Sheet Sheet1
B5: 20020 | C5: vlookup SALARY | D5: =VLOOKUP(B5,VLOOKUP!A3:H15,6,0) -> 40500
B6: 20013 | C6: ALL INFO | D6: {=VLOOKUP(B6,VLOOKUP!A3:H15,{2,3,4,5,6,7,8},0)} -> Sunil Grover | E6: 25 | F6: Accountant | G6: Finance | H6: 13000 | I6: Bhopal | J6: 8569741235
B7: 20016 | C7: match | D7: name | E7: =VLOOKUP(B7,VLOOKUP!A3:H15,MATCH(D7,VLOOKUP!A3:H3,0),0) -> Sunil Singh

Sheet Sheet5
A1: Marks | B1: Grade
A2: 0 | B2: F | D2: 82 | E2: =VLOOKUP(D2,A1:B6,2,1) -> B
A3: 40 | B3: D
A4: 60 | B4: C
A5: 75 | B5: B
A6: 90 | B6: A
F7: FEB | G7: APPLE
A8: PRODUCT | B8: JAN | C8: FEB | D8: MAR
A9: APPLE | B9: 136 | C9: 195 | D9: 152 | F9: =VLOOKUP(G7,A8:D11,MATCH(F7,A8:D8,0),0) -> 195
A10: MANGO | B10: 109 | C10: 135 | D10: 127
A11: BANANA | B11: 121 | C11: 155 | D11: 139

Sheet HLOOKUP
B3: Employee Table | D3: Emp. ID | E3: 20012 | F3: 20013 | G3: 20014 | H3: 20015 | I3: 20016 | J3: 20017 | K3: 20018 | L3: 20019 | M3: 20020 | N3: 20021 | O3: 20022 | P3: 20023
D4: Name | E4: Kapil Sharma | F4: Sunil Grover | G4: Kapil Singh | H4: Ali Asgar | I4: Sunil Singh | J4: Mohan Patel | K4: Ravi Verma | L4: Deepak Singh | M4: Vikas Patel | N4: Gopal Jat | O4: Rohan Yadav | P4: Janwi Rai
D5: Age | E5: 26 | F5: 25 | G5: 28 | H5: 27 | I5: 25 | J5: 26 | K5: 25 | L5: 26 | M5: 28 | N5: 27 | O5: 26 | P5: 27
D6: Designation | E6: Engineer | F6: Accountant | G6: CAD Designer | H6: Accountant | I6: Engineer | J6: Engineer | K6: CAD Designer | L6: Accountant | M6: Accountant | N6: Engineer | O6: Accountant | P6: CAD Designer
D7: Department | E7: Technical | F7: Finance | G7: Technical | H7: Finance | I7: Technical | J7: Technical | K7: Technical | L7: Finance | M7: Finance | N7: Technical | O7: Finance | P7: Technical
D8: Salary | E8: 26500 | F8: 13000 | G8: 20000 | H8: 15000 | I8: 20000 | J8: 33000 | K8: 21000 | L8: 31500 | M8: 40500 | N8: 25500 | O8: 18000 | P8: 21000
D9: Place | E9: Indore | F9: Bhopal | G9: Indore | H9: Bhopal | I9: ujjain | J9: Bhopal | K9: Indore | L9: Bhopal | M9: Indore | N9: ujjain | O9: ujjain | P9: Indore
D10: Mob.No. | E10: 8877456987 | F10: 8569741235 | G10: 7584963214 | H10: 7788994455 | I10: 8798654512 | J10: 9874563214 | K10: 8974563214 | L10: 8745968745 | M10: 9874569874 | N10: 8574965874 | O10: 8521479632 | P10: 8569745623
D13: 20017 | E13: {=HLOOKUP(D13,D3:P10,{2,3,4},0)} -> Mohan Patel | F13: 26 | G13: Engineer | I13: 20017 | J13: =HLOOKUP($I$13,$D$3:$P$10,ROW(D4),0) -> Engineer
D14: 20022 | E14: =HLOOKUP(D14,D3:P10,7,0) -> ujjain | J14: =HLOOKUP($I$13,$D$3:$P$10,ROW(D5),0) -> Technical
D15: sunil singh | E15: {=HLOOKUP(D15,D4:P10,{3,4,5},0)} -> Engineer | F15: Technical | G15: 20000 | J15: =HLOOKUP($I$13,$D$3:$P$10,ROW(D6),0) -> 33000
D16: 20020 | E16: salary | F16: =HLOOKUP(D16,D3:P10,MATCH(E16,D3:D10,0),0) -> 40500 | J16: =HLOOKUP($I$13,$D$3:$P$10,ROW(D7),0) -> Bhopal
D17: 20012 | E17: =HLOOKUP($D$17,$D$3:$P$10,ROWS($D$3:D4),0) -> Kapil Sharma | J17: =HLOOKUP($I$13,$D$3:$P$10,ROW(D8),0) -> 9874563214
E18: =HLOOKUP($D$17,$D$3:$P$10,ROWS($D$3:D5),0) -> 26
E19: =HLOOKUP($D$17,$D$3:$P$10,ROWS($D$3:D6),0) -> Engineer
E20: =HLOOKUP($D$17,$D$3:$P$10,ROWS($D$3:D7),0) -> Technical
E21: =HLOOKUP($D$17,$D$3:$P$10,ROWS($D$3:D8),0) -> 26500
E22: =HLOOKUP($D$17,$D$3:$P$10,ROWS($D$3:D9),0) -> Indore
E23: =HLOOKUP($D$17,$D$3:$P$10,ROWS($D$3:D10),0) -> 8877456987
